shot_id_number,is_goal
1,0.46
8,0.46
17,0.46
20,0.46
33,0.46
34,0.46
35,0.46
36,0.46
37,0.46
38,0.46
45,0.46
50,0.46
55,0.46
60,0.46
66,0.46
67,0.46
71,0.46
80,0.46
85,0.46
86,0.46
95,0.46
104,0.46
113,0.46
123,0.46
126,0.46
133,0.46
141,0.46
144,0.46
150,0.46
152,0.46
153,0.46
156,0.46
159,0.46
165,0.46
172,0.46
182,0.46
192,0.46
193,0.46
196,0.46
202,0.46
210,0.46
211,0.46
228,0.46
257,0.46
260,0.46
264,0.46
267,0.46
279,0.46
282,0.46
293,0.46
299,0.46
300,0.46
301,0.46
317,0.46
327,0.46
328,0.46
335,0.46
346,0.46
348,0.46
365,0.46
390,0.46
391,0.46
392,0.46
397,0.46
418,0.46
428,0.46
434,0.46
439,0.46
440,0.46
456,0.46
459,0.46
472,0.46
480,0.46
491,0.46
497,0.46
509,0.46
511,0.46
523,0.46
533,0.46
544,0.46
546,0.46
555,0.46
558,0.46
560,0.46
573,0.46
591,0.46
596,0.46
597,0.46
601,0.46
605,0.46
617,0.46
628,0.46
634,0.46
646,0.46
649,0.46
651,0.46
654,0.46
656,0.46
657,0.46
669,0.46
670,0.46
693,0.46
694,0.46
699,0.46
711,0.46
718,0.46
722,0.46
723,0.46
725,0.46
734,0.46
735,0.46
737,0.46
746,0.46
747,0.46
766,0.46
767,0.46
771,0.46
773,0.46
774,0.46
783,0.46
784,0.46
789,0.46
792,0.46
804,0.46
809,0.46
812,0.46
813,0.46
817,0.46
820,0.46
825,0.46
826,0.46
829,0.46
855,0.46
859,0.46
862,0.46
870,0.46
876,0.46
880,0.46
886,0.46
889,0.46
891,0.46
897,0.46
902,0.46
903,0.46
908,0.46
909,0.46
920,0.46
922,0.46
924,0.46
932,0.46
934,0.46
937,0.46
941,0.46
943,0.46
950,0.46
952,0.46
954,0.46
963,0.46
975,0.46
979,0.46
981,0.46
983,0.46
985,0.46
989,0.46
995,0.46
998,0.46
1008,0.46
1019,0.46
1023,0.46
1026,0.46
1029,0.46
1034,0.46
1036,0.46
1038,0.46
1039,0.46
1051,0.46
1052,0.46
1066,0.46
1087,0.46
1092,0.46
1094,0.46
1098,0.46
1099,0.46
1102,0.46
1118,0.46
1131,0.46
1133,0.46
1135,0.46
1138,0.46
1139,0.46
1142,0.46
1151,0.46
1152,0.46
1155,0.46
1165,0.46
1167,0.46
1172,0.46
1174,0.46
1180,0.46
1200,0.46
1202,0.46
1227,0.46
1228,0.46
1229,0.46
1237,0.46
1241,0.46
1256,0.46
1279,0.46
1293,0.46
1295,0.46
1319,0.46
1320,0.46
1321,0.46
1322,0.46
1334,0.46
1351,0.46
1373,0.46
1375,0.46
1380,0.46
1382,0.46
1385,0.46
1399,0.46
1403,0.46
1428,0.46
1434,0.46
1444,0.46
1448,0.46
1466,0.46
1476,0.46
1478,0.46
1485,0.46
1491,0.46
1494,0.46
1500,0.46
1501,0.46
1503,0.46
1519,0.46
1524,0.46
1529,0.46
1533,0.46
1538,0.46
1539,0.46
1546,0.46
1555,0.46
1559,0.46
1563,0.46
1565,0.46
1574,0.46
1591,0.46
1594,0.46
1605,0.46
1611,0.46
1614,0.46
1620,0.46
1626,0.46
1630,0.46
1632,0.46
1634,0.46
1643,0.46
1651,0.46
1655,0.46
1658,0.46
1659,0.46
1665,0.46
1675,0.46
1680,0.46
1690,0.46
1696,0.46
1714,0.46
1721,0.46
1726,0.46
1728,0.46
1734,0.46
1735,0.46
1740,0.46
1744,0.46
1747,0.46
1752,0.46
1763,0.46
1765,0.46
1769,0.46
1785,0.46
1787,0.46
1788,0.46
1793,0.46
1800,0.46
1825,0.46
1826,0.46
1834,0.46
1843,0.46
1844,0.46
1848,0.46
1849,0.46
1860,0.46
1863,0.46
1875,0.46
1883,0.46
1890,0.46
1892,0.46
1893,0.46
1897,0.46
1905,0.46
1908,0.46
1931,0.46
1940,0.46
1943,0.46
1947,0.46
1965,0.46
1967,0.46
1968,0.46
1972,0.46
1982,0.46
1985,0.46
2005,0.46
2010,0.46
2021,0.46
2024,0.46
2036,0.46
2043,0.46
2047,0.46
2049,0.46
2055,0.46
2065,0.46
2066,0.46
2070,0.46
2077,0.46
2085,0.46
2095,0.46
2097,0.46
2108,0.46
2112,0.46
2113,0.46
2122,0.46
2139,0.46
2144,0.46
2146,0.46
2148,0.46
2149,0.46
2157,0.46
2159,0.46
2168,0.46
2176,0.46
2178,0.46
2181,0.46
2187,0.46
2188,0.46
2190,0.46
2194,0.46
2197,0.46
2214,0.46
2217,0.46
2222,0.46
2223,0.46
2226,0.46
2230,0.46
2240,0.46
2247,0.46
2250,0.46
2259,0.46
2262,0.46
2266,0.46
2305,0.46
2310,0.46
2313,0.46
2319,0.46
2320,0.46
2345,0.46
2350,0.46
2356,0.46
2360,0.46
2370,0.46
2386,0.46
2398,0.46
2414,0.46
2435,0.46
2439,0.46
2446,0.46
2458,0.46
2465,0.46
2466,0.46
2470,0.46
2495,0.46
2501,0.46
2507,0.46
2533,0.46
2537,0.46
2538,0.46
2541,0.46
2542,0.46
2544,0.46
2554,0.46
2555,0.46
2565,0.46
2575,0.46
2586,0.46
2588,0.46
2594,0.46
2617,0.46
2618,0.46
2623,0.46
2631,0.46
2640,0.46
2642,0.46
2647,0.46
2663,0.46
2664,0.46
2676,0.46
2680,0.46
2681,0.46
2691,0.46
2693,0.46
2695,0.46
2704,0.46
2708,0.46
2709,0.46
2717,0.46
2722,0.46
2728,0.46
2732,0.46
2743,0.46
2752,0.46
2757,0.46
2761,0.46
2769,0.46
2771,0.46
2774,0.46
2776,0.46
2781,0.46
2793,0.46
2799,0.46
2803,0.46
2811,0.46
2818,0.46
2824,0.46
2828,0.46
2829,0.46
2830,0.46
2842,0.46
2847,0.46
2848,0.46
2868,0.46
2870,0.46
2885,0.46
2886,0.46
2889,0.46
2903,0.46
2904,0.46
2918,0.46
2919,0.46
2922,0.46
2923,0.46
2931,0.46
2945,0.46
2955,0.46
2957,0.46
2960,0.46
2963,0.46
2966,0.46
2972,0.46
2974,0.46
2982,0.46
2984,0.46
3016,0.46
3021,0.46
3023,0.46
3025,0.46
3029,0.46
3034,0.46
3038,0.46
3040,0.46
3051,0.46
3062,0.46
3069,0.46
3071,0.46
3076,0.46
3079,0.46
3081,0.46
3082,0.46
3084,0.46
3098,0.46
3104,0.46
3105,0.46
3114,0.46
3118,0.46
3122,0.46
3132,0.46
3138,0.46
3141,0.46
3156,0.46
3162,0.46
3167,0.46
3170,0.46
3171,0.46
3172,0.46
3176,0.46
3180,0.46
3189,0.46
3198,0.46
3206,0.46
3215,0.46
3222,0.46
3228,0.46
3229,0.46
3232,0.46
3233,0.46
3238,0.46
3256,0.46
3264,0.46
3273,0.46
3275,0.46
3285,0.46
3289,0.46
3294,0.46
3306,0.46
3311,0.46
3318,0.46
3322,0.46
3324,0.46
3334,0.46
3341,0.46
3345,0.46
3346,0.46
3352,0.46
3368,0.46
3371,0.46
3372,0.46
3375,0.46
3384,0.46
3387,0.46
3393,0.46
3406,0.46
3411,0.46
3412,0.46
3414,0.46
3417,0.46
3420,0.46
3423,0.46
3436,0.46
3438,0.46
3442,0.46
3443,0.46
3451,0.46
3461,0.46
3489,0.46
3491,0.46
3510,0.46
3515,0.46
3527,0.46
3530,0.46
3540,0.46
3582,0.46
3604,0.46
3605,0.46
3609,0.46
3624,0.46
3628,0.46
3630,0.46
3641,0.46
3642,0.46
3648,0.46
3650,0.46
3652,0.46
3660,0.46
3664,0.46
3670,0.46
3672,0.46
3680,0.46
3682,0.46
3685,0.46
3686,0.46
3689,0.46
3705,0.46
3712,0.46
3713,0.46
3719,0.46
3721,0.46
3723,0.46
3724,0.46
3727,0.46
3733,0.46
3734,0.46
3742,0.46
3770,0.46
3777,0.46
3778,0.46
3780,0.46
3783,0.46
3784,0.46
3788,0.46
3790,0.46
3794,0.46
3795,0.46
3796,0.46
3801,0.46
3806,0.46
3813,0.46
3814,0.46
3818,0.46
3824,0.46
3836,0.46
3853,0.46
3855,0.46
3858,0.46
3861,0.46
3866,0.46
3870,0.46
3874,0.46
3876,0.46
3878,0.46
3890,0.46
3900,0.46
3904,0.46
3906,0.46
3907,0.46
3908,0.46
3912,0.46
3918,0.46
3923,0.46
3924,0.46
3925,0.46
3927,0.46
3955,0.46
3964,0.46
3969,0.46
3974,0.46
3976,0.46
3984,0.46
3991,0.46
3993,0.46
4009,0.46
4011,0.46
4020,0.46
4033,0.46
4041,0.46
4045,0.46
4052,0.46
4055,0.46
4056,0.46
4057,0.46
4067,0.46
4069,0.46
4077,0.46
4094,0.46
4095,0.46
4100,0.46
4119,0.46
4130,0.46
4131,0.46
4132,0.46
4134,0.46
4137,0.46
4138,0.46
4143,0.46
4145,0.46
4148,0.46
4163,0.46
4166,0.46
4169,0.46
4170,0.46
4174,0.46
4180,0.46
4199,0.46
4201,0.46
4203,0.46
4210,0.46
4211,0.46
4213,0.46
4225,0.46
4235,0.46
4242,0.46
4245,0.46
4250,0.46
4252,0.46
4254,0.46
4263,0.46
4264,0.46
4268,0.46
4270,0.46
4282,0.46
4283,0.46
4291,0.46
4304,0.46
4306,0.46
4309,0.46
4310,0.46
4313,0.46
4314,0.46
4315,0.46
4321,0.46
4324,0.46
4325,0.46
4328,0.46
4329,0.46
4332,0.46
4337,0.46
4342,0.46
4344,0.46
4352,0.46
4355,0.46
4366,0.46
4371,0.46
4372,0.46
4376,0.46
4384,0.46
4387,0.46
4389,0.46
4390,0.46
4406,0.46
4407,0.46
4409,0.46
4410,0.46
4424,0.46
4434,0.46
4452,0.46
4460,0.46
4470,0.46
4480,0.46
4496,0.46
4503,0.46
4512,0.46
4518,0.46
4519,0.46
4522,0.46
4525,0.46
4537,0.46
4546,0.46
4547,0.46
4553,0.46
4556,0.46
4558,0.46
4563,0.46
4568,0.46
4574,0.46
4578,0.46
4587,0.46
4592,0.46
4610,0.46
4615,0.46
4619,0.46
4620,0.46
4625,0.46
4635,0.46
4636,0.46
4641,0.46
4650,0.46
4653,0.46
4665,0.46
4668,0.46
4669,0.46
4670,0.46
4674,0.46
4675,0.46
4676,0.46
4679,0.46
4680,0.46
4686,0.46
4699,0.46
4713,0.46
4718,0.46
4721,0.46
4722,0.46
4724,0.46
4730,0.46
4731,0.46
4735,0.46
4743,0.46
4745,0.46
4746,0.46
4747,0.46
4748,0.46
4769,0.46
4771,0.46
4774,0.46
4784,0.46
4797,0.46
4801,0.46
4804,0.46
4820,0.46
4833,0.46
4834,0.46
4851,0.46
4859,0.46
4860,0.46
4863,0.46
4873,0.46
4881,0.46
4892,0.46
4908,0.46
4911,0.46
4915,0.46
4922,0.46
4929,0.46
4936,0.46
4939,0.46
4951,0.46
4956,0.46
4961,0.46
4964,0.46
4981,0.46
4991,0.46
4992,0.46
4997,0.46
5004,0.46
5010,0.46
5012,0.46
5015,0.46
5020,0.46
5030,0.46
5051,0.46
5052,0.46
5057,0.46
5058,0.46
5060,0.46
5061,0.46
5064,0.46
5078,0.46
5080,0.46
5088,0.46
5089,0.46
5090,0.46
5103,0.46
5108,0.46
5114,0.46
5115,0.46
5124,0.46
5137,0.46
5139,0.46
5144,0.46
5149,0.46
5157,0.46
5163,0.46
5174,0.46
5176,0.46
5179,0.46
5186,0.46
5203,0.46
5204,0.46
5206,0.46
5207,0.46
5220,0.46
5221,0.46
5224,0.46
5227,0.46
5229,0.46
5232,0.46
5240,0.46
5242,0.46
5243,0.46
5245,0.46
5248,0.46
5249,0.46
5254,0.46
5269,0.46
5272,0.46
5276,0.46
5286,0.46
5290,0.46
5308,0.46
5316,0.46
5318,0.46
5319,0.46
5320,0.46
5322,0.46
5324,0.46
5331,0.46
5336,0.46
5344,0.46
5354,0.46
5356,0.46
5358,0.46
5361,0.46
5365,0.46
5370,0.46
5376,0.46
5383,0.46
5384,0.46
5385,0.46
5393,0.46
5397,0.46
5398,0.46
5402,0.46
5407,0.46
5409,0.46
5425,0.46
5428,0.46
5430,0.46
5442,0.46
5447,0.46
5470,0.46
5485,0.46
5493,0.46
5502,0.46
5504,0.46
5517,0.46
5522,0.46
5527,0.46
5528,0.46
5536,0.46
5545,0.46
5576,0.46
5577,0.46
5592,0.46
5594,0.46
5595,0.46
5596,0.46
5599,0.46
5606,0.46
5617,0.46
5625,0.46
5626,0.46
5627,0.46
5642,0.46
5659,0.46
5664,0.46
5666,0.46
5671,0.46
5674,0.46
5677,0.46
5681,0.46
5683,0.46
5700,0.46
5713,0.46
5715,0.46
5718,0.46
5726,0.46
5738,0.46
5741,0.46
5743,0.46
5753,0.46
5761,0.46
5789,0.46
5797,0.46
5803,0.46
5810,0.46
5813,0.46
5817,0.46
5818,0.46
5822,0.46
5829,0.46
5846,0.46
5847,0.46
5854,0.46
5858,0.46
5863,0.46
5869,0.46
5870,0.46
5876,0.46
5881,0.46
5901,0.46
5922,0.46
5928,0.46
5933,0.46
5934,0.46
5946,0.46
5951,0.46
5955,0.46
5956,0.46
5965,0.46
5972,0.46
5981,0.46
5997,0.46
6005,0.46
6009,0.46
6010,0.46
6015,0.46
6039,0.46
6047,0.46
6051,0.46
6056,0.46
6061,0.46
6064,0.46
6065,0.46
6070,0.46
6085,0.46
6086,0.46
6091,0.46
6097,0.46
6099,0.46
6104,0.46
6108,0.46
6109,0.46
6124,0.46
6142,0.46
6144,0.46
6150,0.46
6154,0.46
6155,0.46
6156,0.46
6158,0.46
6159,0.46
6169,0.46
6170,0.46
6179,0.46
6184,0.46
6186,0.46
6204,0.46
6230,0.46
6231,0.46
6232,0.46
6235,0.46
6237,0.46
6239,0.46
6263,0.46
6265,0.46
6270,0.46
6271,0.46
6278,0.46
6279,0.46
6288,0.46
6294,0.46
6295,0.46
6302,0.46
6306,0.46
6322,0.46
6324,0.46
6327,0.46
6331,0.46
6334,0.46
6338,0.46
6339,0.46
6362,0.46
6372,0.46
6375,0.46
6393,0.46
6394,0.46
6405,0.46
6406,0.46
6416,0.46
6421,0.46
6422,0.46
6440,0.46
6457,0.46
6460,0.46
6463,0.46
6474,0.46
6476,0.46
6477,0.46
6482,0.46
6488,0.46
6489,0.46
6494,0.46
6499,0.46
6507,0.46
6524,0.46
6527,0.46
6531,0.46
6536,0.46
6538,0.46
6542,0.46
6565,0.46
6584,0.46
6588,0.46
6597,0.46
6603,0.46
6609,0.46
6613,0.46
6622,0.46
6630,0.46
6637,0.46
6639,0.46
6640,0.46
6646,0.46
6647,0.46
6648,0.46
6669,0.46
6680,0.46
6681,0.46
6684,0.46
6693,0.46
6694,0.46
6704,0.46
6706,0.46
6710,0.46
6713,0.46
6718,0.46
6732,0.46
6737,0.46
6739,0.46
6742,0.46
6746,0.46
6753,0.46
6771,0.46
6784,0.46
6790,0.46
6795,0.46
6807,0.46
6808,0.46
6818,0.46
6823,0.46
6830,0.46
6831,0.46
6832,0.46
6836,0.46
6846,0.46
6850,0.46
6854,0.46
6868,0.46
6876,0.46
6877,0.46
6881,0.46
6882,0.46
6884,0.46
6886,0.46
6901,0.46
6910,0.46
6913,0.46
6914,0.46
6918,0.46
6930,0.46
6941,0.46
6944,0.46
6945,0.46
6947,0.46
6949,0.46
6952,0.46
6963,0.46
6964,0.46
6972,0.46
6979,0.46
6981,0.46
6988,0.46
6990,0.46
6998,0.46
7004,0.46
7016,0.46
7027,0.46
7042,0.46
7056,0.46
7061,0.46
7069,0.46
7071,0.46
7088,0.46
7099,0.46
7108,0.46
7121,0.46
7125,0.46
7136,0.46
7149,0.46
7150,0.46
7151,0.46
7167,0.46
7177,0.46
7178,0.46
7183,0.46
7186,0.46
7190,0.46
7201,0.46
7202,0.46
7207,0.46
7213,0.46
7224,0.46
7225,0.46
7233,0.46
7239,0.46
7246,0.46
7248,0.46
7261,0.46
7264,0.46
7266,0.46
7274,0.46
7279,0.46
7293,0.46
7315,0.46
7322,0.46
7326,0.46
7341,0.46
7363,0.46
7365,0.46
7371,0.46
7377,0.46
7393,0.46
7405,0.46
7410,0.46
7434,0.46
7438,0.46
7447,0.46
7450,0.46
7452,0.46
7453,0.46
7455,0.46
7456,0.46
7457,0.46
7466,0.46
7470,0.46
7474,0.46
7487,0.46
7488,0.46
7492,0.46
7496,0.46
7501,0.46
7505,0.46
7512,0.46
7526,0.46
7536,0.46
7538,0.46
7539,0.46
7544,0.46
7554,0.46
7564,0.46
7566,0.46
7580,0.46
7581,0.46
7584,0.46
7587,0.46
7589,0.46
7590,0.46
7594,0.46
7597,0.46
7602,0.46
7603,0.46
7605,0.46
7609,0.46
7613,0.46
7619,0.46
7625,0.46
7626,0.46
7636,0.46
7639,0.46
7641,0.46
7643,0.46
7644,0.46
7657,0.46
7661,0.46
7666,0.46
7673,0.46
7683,0.46
7685,0.46
7699,0.46
7704,0.46
7705,0.46
7708,0.46
7728,0.46
7733,0.46
7741,0.46
7743,0.46
7745,0.46
7754,0.46
7756,0.46
7757,0.46
7770,0.46
7773,0.46
7774,0.46
7776,0.46
7777,0.46
7778,0.46
7781,0.46
7784,0.46
7789,0.46
7794,0.46
7799,0.46
7801,0.46
7818,0.46
7823,0.46
7828,0.46
7832,0.46
7839,0.46
7851,0.46
7856,0.46
7868,0.46
7869,0.46
7872,0.46
7874,0.46
7878,0.46
7888,0.46
7913,0.46
7923,0.46
7925,0.46
7926,0.46
7938,0.46
7942,0.46
7945,0.46
7954,0.46
7963,0.46
7969,0.46
7970,0.46
7977,0.46
7981,0.46
7990,0.46
8020,0.46
8023,0.46
8025,0.46
8034,0.46
8039,0.46
8046,0.46
8051,0.46
8055,0.46
8060,0.46
8063,0.46
8073,0.46
8074,0.46
8076,0.46
8080,0.46
8088,0.46
8102,0.46
8103,0.46
8104,0.46
8105,0.46
8109,0.46
8115,0.46
8121,0.46
8126,0.46
8135,0.46
8153,0.46
8156,0.46
8160,0.46
8161,0.46
8162,0.46
8171,0.46
8181,0.46
8183,0.46
8185,0.46
8191,0.46
8203,0.46
8204,0.46
8207,0.46
8208,0.46
8209,0.46
8210,0.46
8225,0.46
8226,0.46
8231,0.46
8233,0.46
8244,0.46
8250,0.46
8261,0.46
8265,0.46
8278,0.46
8279,0.46
8280,0.46
8296,0.46
8299,0.46
8300,0.46
8301,0.46
8305,0.46
8327,0.46
8334,0.46
8349,0.46
8355,0.46
8361,0.46
8362,0.46
8364,0.46
8365,0.46
8375,0.46
8378,0.46
8380,0.46
8381,0.46
8387,0.46
8399,0.46
8402,0.46
8409,0.46
8433,0.46
8436,0.46
8442,0.46
8448,0.46
8464,0.46
8469,0.46
8474,0.46
8478,0.46
8482,0.46
8490,0.46
8510,0.46
8511,0.46
8527,0.46
8532,0.46
8533,0.46
8538,0.46
8541,0.46
8545,0.46
8553,0.46
8554,0.46
8555,0.46
8569,0.46
8586,0.46
8593,0.46
8600,0.46
8606,0.46
8607,0.46
8611,0.46
8613,0.46
8618,0.46
8630,0.46
8637,0.46
8650,0.46
8652,0.46
8661,0.46
8669,0.46
8673,0.46
8674,0.46
8678,0.46
8682,0.46
8688,0.46
8689,0.46
8695,0.46
8698,0.46
8703,0.46
8709,0.46
8716,0.46
8723,0.46
8737,0.46
8753,0.46
8773,0.46
8774,0.46
8778,0.46
8786,0.46
8794,0.46
8795,0.46
8800,0.46
8804,0.46
8808,0.46
8809,0.46
8817,0.46
8818,0.46
8825,0.46
8830,0.46
8833,0.46
8834,0.46
8836,0.46
8837,0.46
8844,0.46
8851,0.46
8861,0.46
8864,0.46
8865,0.46
8869,0.46
8873,0.46
8880,0.46
8884,0.46
8888,0.46
8889,0.46
8891,0.46
8893,0.46
8897,0.46
8905,0.46
8910,0.46
8918,0.46
8939,0.46
8940,0.46
8941,0.46
8944,0.46
8949,0.46
8950,0.46
8958,0.46
8967,0.46
8975,0.46
8979,0.46
8980,0.46
8991,0.46
8995,0.46
8996,0.46
8998,0.46
9000,0.46
9001,0.46
9002,0.46
9024,0.46
9026,0.46
9027,0.46
9034,0.46
9038,0.46
9050,0.46
9052,0.46
9054,0.46
9078,0.46
9097,0.46
9109,0.46
9112,0.46
9115,0.46
9125,0.46
9132,0.46
9136,0.46
9139,0.46
9140,0.46
9142,0.46
9143,0.46
9147,0.46
9159,0.46
9165,0.46
9172,0.46
9177,0.46
9179,0.46
9185,0.46
9196,0.46
9201,0.46
9209,0.46
9210,0.46
9212,0.46
9214,0.46
9240,0.46
9241,0.46
9244,0.46
9249,0.46
9250,0.46
9255,0.46
9258,0.46
9263,0.46
9266,0.46
9269,0.46
9272,0.46
9276,0.46
9290,0.46
9299,0.46
9303,0.46
9310,0.46
9311,0.46
9314,0.46
9315,0.46
9325,0.46
9328,0.46
9329,0.46
9332,0.46
9337,0.46
9353,0.46
9355,0.46
9356,0.46
9362,0.46
9364,0.46
9366,0.46
9387,0.46
9388,0.46
9396,0.46
9400,0.46
9406,0.46
9411,0.46
9416,0.46
9417,0.46
9423,0.46
9425,0.46
9426,0.46
9427,0.46
9429,0.46
9430,0.46
9434,0.46
9442,0.46
9458,0.46
9476,0.46
9481,0.46
9483,0.46
9484,0.46
9487,0.46
9488,0.46
9490,0.46
9502,0.46
9505,0.46
9509,0.46
9515,0.46
9516,0.46
9532,0.46
9539,0.46
9542,0.46
9549,0.46
9550,0.46
9553,0.46
9554,0.46
9561,0.46
9566,0.46
9571,0.46
9577,0.46
9584,0.46
9592,0.46
9596,0.46
9602,0.46
9603,0.46
9604,0.46
9608,0.46
9609,0.46
9613,0.46
9623,0.46
9630,0.46
9633,0.46
9648,0.46
9665,0.46
9668,0.46
9678,0.46
9679,0.46
9693,0.46
9718,0.46
9720,0.46
9744,0.46
9745,0.46
9746,0.46
9753,0.46
9758,0.46
9759,0.46
9763,0.46
9766,0.46
9767,0.46
9777,0.46
9781,0.46
9789,0.46
9790,0.46
9799,0.46
9802,0.46
9805,0.46
9807,0.46
9812,0.46
9818,0.46
9820,0.46
9822,0.46
9824,0.46
9834,0.46
9836,0.46
9847,0.46
9864,0.46
9869,0.46
9875,0.46
9880,0.46
9889,0.46
9894,0.46
9909,0.46
9915,0.46
9919,0.46
9920,0.46
9940,0.46
9946,0.46
9958,0.46
9959,0.46
9973,0.46
9976,0.46
9978,0.46
9982,0.46
9987,0.46
9988,0.46
9992,0.46
10000,0.46
10002,0.46
10005,0.46
10008,0.46
10009,0.46
10011,0.46
10021,0.46
10022,0.46
10053,0.46
10074,0.46
10076,0.46
10090,0.46
10092,0.46
10099,0.46
10102,0.46
10103,0.46
10106,0.46
10108,0.46
10113,0.46
10119,0.46
10122,0.46
10125,0.46
10140,0.46
10155,0.46
10159,0.46
10164,0.46
10175,0.46
10176,0.46
10178,0.46
10186,0.46
10200,0.46
10204,0.46
10206,0.46
10211,0.46
10212,0.46
10217,0.46
10220,0.46
10230,0.46
10234,0.46
10235,0.46
10239,0.46
10240,0.46
10242,0.46
10245,0.46
10246,0.46
10247,0.46
10250,0.46
10254,0.46
10257,0.46
10260,0.46
10261,0.46
10265,0.46
10273,0.46
10274,0.46
10277,0.46
10289,0.46
10290,0.46
10298,0.46
10301,0.46
10304,0.46
10305,0.46
10313,0.46
10320,0.46
10323,0.46
10328,0.46
10332,0.46
10336,0.46
10343,0.46
10348,0.46
10350,0.46
10351,0.46
10354,0.46
10372,0.46
10373,0.46
10380,0.46
10383,0.46
10396,0.46
10397,0.46
10399,0.46
10400,0.46
10401,0.46
10402,0.46
10403,0.46
10410,0.46
10412,0.46
10415,0.46
10424,0.46
10428,0.46
10432,0.46
10462,0.46
10477,0.46
10482,0.46
10484,0.46
10493,0.46
10495,0.46
10497,0.46
10516,0.46
10521,0.46
10522,0.46
10523,0.46
10528,0.46
10530,0.46
10532,0.46
10533,0.46
10543,0.46
10547,0.46
10552,0.46
10558,0.46
10571,0.46
10572,0.46
10574,0.46
10583,0.46
10600,0.46
10607,0.46
10608,0.46
10614,0.46
10630,0.46
10634,0.46
10635,0.46
10641,0.46
10643,0.46
10644,0.46
10648,0.46
10669,0.46
10675,0.46
10686,0.46
10704,0.46
10707,0.46
10722,0.46
10736,0.46
10764,0.46
10767,0.46
10776,0.46
10779,0.46
10781,0.46
10792,0.46
10797,0.46
10798,0.46
10801,0.46
10802,0.46
10805,0.46
10808,0.46
10810,0.46
10816,0.46
10817,0.46
10829,0.46
10843,0.46
10858,0.46
10866,0.46
10876,0.46
10887,0.46
10891,0.46
10896,0.46
10900,0.46
10905,0.46
10907,0.46
10917,0.46
10936,0.46
10947,0.46
10948,0.46
10951,0.46
10955,0.46
10969,0.46
10984,0.46
10987,0.46
10990,0.46
10992,0.46
10996,0.46
10997,0.46
10999,0.46
11000,0.46
11001,0.46
11010,0.46
11016,0.46
11018,0.46
11034,0.46
11039,0.46
11041,0.46
11047,0.46
11053,0.46
11055,0.46
11056,0.46
11065,0.46
11068,0.46
11070,0.46
11071,0.46
11072,0.46
11079,0.46
11091,0.46
11094,0.46
11112,0.46
11113,0.46
11128,0.46
11153,0.46
11154,0.46
11163,0.46
11179,0.46
11181,0.46
11206,0.46
11216,0.46
11221,0.46
11223,0.46
11228,0.46
11235,0.46
11237,0.46
11244,0.46
11256,0.46
11267,0.46
11272,0.46
11281,0.46
11285,0.46
11288,0.46
11291,0.46
11293,0.46
11297,0.46
11298,0.46
11299,0.46
11301,0.46
11309,0.46
11331,0.46
11332,0.46
11337,0.46
11343,0.46
11347,0.46
11348,0.46
11355,0.46
11368,0.46
11369,0.46
11371,0.46
11378,0.46
11384,0.46
11387,0.46
11393,0.46
11399,0.46
11412,0.46
11431,0.46
11432,0.46
11444,0.46
11450,0.46
11451,0.46
11476,0.46
11488,0.46
11495,0.46
11505,0.46
11508,0.46
11518,0.46
11522,0.46
11524,0.46
11533,0.46
11549,0.46
11551,0.46
11560,0.46
11563,0.46
11565,0.46
11567,0.46
11569,0.46
11598,0.46
11604,0.46
11611,0.46
11617,0.46
11626,0.46
11642,0.46
11643,0.46
11648,0.46
11651,0.46
11663,0.46
11666,0.46
11685,0.46
11686,0.46
11698,0.46
11708,0.46
11711,0.46
11718,0.46
11742,0.46
11761,0.46
11767,0.46
11768,0.46
11775,0.46
11779,0.46
11786,0.46
11790,0.46
11791,0.46
11796,0.46
11806,0.46
11810,0.46
11811,0.46
11814,0.46
11816,0.46
11820,0.46
11822,0.46
11829,0.46
11832,0.46
11834,0.46
11836,0.46
11837,0.46
11844,0.46
11847,0.46
11864,0.46
11865,0.46
11872,0.46
11873,0.46
11886,0.46
11894,0.46
11905,0.46
11906,0.46
11907,0.46
11912,0.46
11914,0.46
11918,0.46
11924,0.46
11929,0.46
11930,0.46
11936,0.46
11937,0.46
11954,0.46
11957,0.46
11964,0.46
11968,0.46
11972,0.46
11976,0.46
11979,0.46
11981,0.46
11983,0.46
11989,0.46
11991,0.46
11998,0.46
12003,0.46
12007,0.46
12011,0.46
12014,0.46
12024,0.46
12033,0.46
12034,0.46
12041,0.46
12046,0.46
12056,0.46
12064,0.46
12069,0.46
12070,0.46
12071,0.46
12072,0.46
12078,0.46
12091,0.46
12092,0.46
12094,0.46
12098,0.46
12103,0.46
12115,0.46
12118,0.46
12122,0.46
12125,0.46
12133,0.46
12137,0.46
12141,0.46
12143,0.46
12144,0.46
12154,0.46
12163,0.46
12170,0.46
12193,0.46
12196,0.46
12206,0.46
12209,0.46
12214,0.46
12228,0.46
12233,0.46
12238,0.46
12242,0.46
12245,0.46
12247,0.46
12251,0.46
12287,0.46
12292,0.46
12304,0.46
12317,0.46
12320,0.46
12323,0.46
12328,0.46
12333,0.46
12334,0.46
12335,0.46
12352,0.46
12358,0.46
12364,0.46
12376,0.46
12396,0.46
12402,0.46
12406,0.46
12408,0.46
12410,0.46
12413,0.46
12417,0.46
12424,0.46
12425,0.46
12426,0.46
12430,0.46
12432,0.46
12433,0.46
12451,0.46
12457,0.46
12465,0.46
12468,0.46
12474,0.46
12475,0.46
12486,0.46
12487,0.46
12514,0.46
12524,0.46
12526,0.46
12530,0.46
12532,0.46
12593,0.46
12599,0.46
12600,0.46
12603,0.46
12624,0.46
12630,0.46
12638,0.46
12641,0.46
12643,0.46
12656,0.46
12666,0.46
12673,0.46
12675,0.46
12678,0.46
12692,0.46
12693,0.46
12707,0.46
12711,0.46
12716,0.46
12717,0.46
12723,0.46
12738,0.46
12742,0.46
12746,0.46
12753,0.46
12758,0.46
12760,0.46
12763,0.46
12764,0.46
12768,0.46
12776,0.46
12777,0.46
12783,0.46
12804,0.46
12824,0.46
12839,0.46
12847,0.46
12850,0.46
12867,0.46
12883,0.46
12887,0.46
12890,0.46
12903,0.46
12906,0.46
12907,0.46
12909,0.46
12912,0.46
12915,0.46
12930,0.46
12931,0.46
12934,0.46
12951,0.46
12955,0.46
12973,0.46
12988,0.46
12999,0.46
13015,0.46
13026,0.46
13036,0.46
13039,0.46
13040,0.46
13041,0.46
13043,0.46
13057,0.46
13064,0.46
13068,0.46
13069,0.46
13073,0.46
13079,0.46
13086,0.46
13089,0.46
13093,0.46
13097,0.46
13098,0.46
13105,0.46
13107,0.46
13108,0.46
13110,0.46
13112,0.46
13114,0.46
13118,0.46
13127,0.46
13129,0.46
13142,0.46
13146,0.46
13149,0.46
13157,0.46
13158,0.46
13159,0.46
13161,0.46
13162,0.46
13166,0.46
13168,0.46
13170,0.46
13186,0.46
13191,0.46
13203,0.46
13209,0.46
13212,0.46
13213,0.46
13222,0.46
13229,0.46
13234,0.46
13257,0.46
13258,0.46
13268,0.46
13270,0.46
13291,0.46
13292,0.46
13299,0.46
13307,0.46
13309,0.46
13311,0.46
13312,0.46
13322,0.46
13324,0.46
13330,0.46
13338,0.46
13344,0.46
13348,0.46
13355,0.46
13365,0.46
13368,0.46
13370,0.46
13372,0.46
13377,0.46
13385,0.46
13389,0.46
13393,0.46
13395,0.46
13404,0.46
13411,0.46
13416,0.46
13434,0.46
13435,0.46
13445,0.46
13446,0.46
13451,0.46
13462,0.46
13464,0.46
13466,0.46
13471,0.46
13472,0.46
13477,0.46
13481,0.46
13484,0.46
13490,0.46
13492,0.46
13500,0.46
13508,0.46
13516,0.46
13525,0.46
13526,0.46
13530,0.46
13532,0.46
13538,0.46
13546,0.46
13548,0.46
13550,0.46
13551,0.46
13564,0.46
13566,0.46
13570,0.46
13580,0.46
13585,0.46
13588,0.46
13592,0.46
13594,0.46
13609,0.46
13610,0.46
13613,0.46
13625,0.46
13626,0.46
13639,0.46
13645,0.46
13647,0.46
13648,0.46
13652,0.46
13654,0.46
13664,0.46
13673,0.46
13684,0.46
13690,0.46
13693,0.46
13696,0.46
13700,0.46
13701,0.46
13707,0.46
13713,0.46
13714,0.46
13716,0.46
13720,0.46
13727,0.46
13733,0.46
13738,0.46
13757,0.46
13759,0.46
13761,0.46
13767,0.46
13782,0.46
13786,0.46
13787,0.46
13792,0.46
13795,0.46
13798,0.46
13807,0.46
13809,0.46
13811,0.46
13815,0.46
13817,0.46
13818,0.46
13822,0.46
13824,0.46
13829,0.46
13832,0.46
13840,0.46
13841,0.46
13868,0.46
13871,0.46
13880,0.46
13888,0.46
13890,0.46
13891,0.46
13895,0.46
13907,0.46
13910,0.46
13912,0.46
13913,0.46
13923,0.46
13929,0.46
13936,0.46
13946,0.46
13950,0.46
13951,0.46
13954,0.46
13958,0.46
13969,0.46
13980,0.46
13981,0.46
13986,0.46
13987,0.46
13989,0.46
13992,0.46
13994,0.46
14001,0.46
14002,0.46
14004,0.46
14006,0.46
14012,0.46
14021,0.46
14024,0.46
14045,0.46
14047,0.46
14057,0.46
14059,0.46
14060,0.46
14068,0.46
14070,0.46
14074,0.46
14076,0.46
14089,0.46
14115,0.46
14116,0.46
14128,0.46
14131,0.46
14134,0.46
14137,0.46
14138,0.46
14139,0.46
14152,0.46
14153,0.46
14155,0.46
14156,0.46
14164,0.46
14165,0.46
14171,0.46
14174,0.46
14181,0.46
14186,0.46
14192,0.46
14201,0.46
14210,0.46
14214,0.46
14231,0.46
14236,0.46
14241,0.46
14245,0.46
14249,0.46
14251,0.46
14262,0.46
14265,0.46
14267,0.46
14270,0.46
14276,0.46
14279,0.46
14281,0.46
14289,0.46
14290,0.46
14293,0.46
14295,0.46
14297,0.46
14298,0.46
14310,0.46
14312,0.46
14315,0.46
14318,0.46
14319,0.46
14325,0.46
14331,0.46
14334,0.46
14341,0.46
14343,0.46
14344,0.46
14346,0.46
14347,0.46
14349,0.46
14352,0.46
14358,0.46
14361,0.46
14363,0.46
14374,0.46
14376,0.46
14381,0.46
14398,0.46
14410,0.46
14412,0.46
14415,0.46
14423,0.46
14425,0.46
14436,0.46
14444,0.46
14455,0.46
14465,0.46
14469,0.46
14471,0.46
14475,0.46
14479,0.46
14480,0.46
14488,0.46
14491,0.46
14501,0.46
14520,0.46
14522,0.46
14523,0.46
14537,0.46
14538,0.46
14550,0.46
14561,0.46
14575,0.46
14586,0.46
14592,0.46
14601,0.46
14602,0.46
14604,0.46
14606,0.46
14627,0.46
14641,0.46
14652,0.46
14662,0.46
14665,0.46
14673,0.46
14675,0.46
14679,0.46
14683,0.46
14686,0.46
14705,0.46
14708,0.46
14709,0.46
14710,0.46
14715,0.46
14717,0.46
14723,0.46
14725,0.46
14727,0.46
14728,0.46
14735,0.46
14746,0.46
14752,0.46
14757,0.46
14762,0.46
14763,0.46
14797,0.46
14812,0.46
14818,0.46
14825,0.46
14827,0.46
14829,0.46
14830,0.46
14837,0.46
14849,0.46
14863,0.46
14869,0.46
14882,0.46
14884,0.46
14886,0.46
14888,0.46
14890,0.46
14904,0.46
14938,0.46
14952,0.46
14958,0.46
14963,0.46
14979,0.46
14980,0.46
14986,0.46
14988,0.46
15003,0.46
15006,0.46
15009,0.46
15015,0.46
15024,0.46
15030,0.46
15036,0.46
15038,0.46
15039,0.46
15047,0.46
15049,0.46
15056,0.46
15068,0.46
15070,0.46
15073,0.46
15081,0.46
15084,0.46
15088,0.46
15092,0.46
15095,0.46
15097,0.46
15098,0.46
15115,0.46
15120,0.46
15126,0.46
15133,0.46
15143,0.46
15156,0.46
15164,0.46
15178,0.46
15198,0.46
15200,0.46
15208,0.46
15214,0.46
15218,0.46
15231,0.46
15238,0.46
15239,0.46
15240,0.46
15249,0.46
15256,0.46
15260,0.46
15290,0.46
15307,0.46
15308,0.46
15321,0.46
15323,0.46
15325,0.46
15342,0.46
15346,0.46
15349,0.46
15354,0.46
15362,0.46
15379,0.46
15383,0.46
15394,0.46
15401,0.46
15405,0.46
15407,0.46
15412,0.46
15413,0.46
15415,0.46
15427,0.46
15430,0.46
15436,0.46
15439,0.46
15443,0.46
15444,0.46
15445,0.46
15450,0.46
15456,0.46
15465,0.46
15466,0.46
15470,0.46
15474,0.46
15476,0.46
15482,0.46
15492,0.46
15510,0.46
15519,0.46
15523,0.46
15535,0.46
15561,0.46
15564,0.46
15566,0.46
15579,0.46
15580,0.46
15581,0.46
15587,0.46
15589,0.46
15591,0.46
15597,0.46
15620,0.46
15627,0.46
15636,0.46
15653,0.46
15662,0.46
15664,0.46
15666,0.46
15667,0.46
15674,0.46
15692,0.46
15715,0.46
15736,0.46
15744,0.46
15746,0.46
15758,0.46
15760,0.46
15766,0.46
15767,0.46
15789,0.46
15810,0.46
15818,0.46
15820,0.46
15830,0.46
15844,0.46
15850,0.46
15857,0.46
15863,0.46
15869,0.46
15872,0.46
15873,0.46
15884,0.46
15885,0.46
15891,0.46
15898,0.46
15900,0.46
15932,0.46
15940,0.46
15944,0.46
15945,0.46
15963,0.46
15970,0.46
15977,0.46
15982,0.46
15985,0.46
15995,0.46
16004,0.46
16005,0.46
16011,0.46
16019,0.46
16021,0.46
16051,0.46
16065,0.46
16066,0.46
16076,0.46
16091,0.46
16094,0.46
16101,0.46
16104,0.46
16113,0.46
16114,0.46
16115,0.46
16127,0.46
16128,0.46
16138,0.46
16139,0.46
16142,0.46
16144,0.46
16148,0.46
16151,0.46
16156,0.46
16165,0.46
16166,0.46
16179,0.46
16193,0.46
16196,0.46
16198,0.46
16210,0.46
16232,0.46
16237,0.46
16240,0.46
16252,0.46
16259,0.46
16262,0.46
16263,0.46
16270,0.46
16272,0.46
16290,0.46
16295,0.46
16297,0.46
16299,0.46
16300,0.46
16302,0.46
16303,0.46
16305,0.46
16309,0.46
16312,0.46
16320,0.46
16326,0.46
16327,0.46
16338,0.46
16342,0.46
16346,0.46
16348,0.46
16355,0.46
16356,0.46
16378,0.46
16382,0.46
16391,0.46
16392,0.46
16395,0.46
16399,0.46
16403,0.46
16408,0.46
16413,0.46
16415,0.46
16417,0.46
16420,0.46
16431,0.46
16439,0.46
16444,0.46
16446,0.46
16451,0.46
16454,0.46
16461,0.46
16462,0.46
16469,0.46
16484,0.46
16486,0.46
16487,0.46
16491,0.46
16494,0.46
16507,0.46
16508,0.46
16519,0.46
16523,0.46
16526,0.46
16530,0.46
16532,0.46
16542,0.46
16550,0.46
16555,0.46
16558,0.46
16567,0.46
16576,0.46
16579,0.46
16595,0.46
16598,0.46
16600,0.46
16604,0.46
16605,0.46
16607,0.46
16610,0.46
16612,0.46
16617,0.46
16625,0.46
16632,0.46
16634,0.46
16650,0.46
16654,0.46
16655,0.46
16656,0.46
16657,0.46
16660,0.46
16662,0.46
16669,0.46
16675,0.46
16676,0.46
16678,0.46
16679,0.46
16693,0.46
16701,0.46
16715,0.46
16722,0.46
16724,0.46
16727,0.46
16735,0.46
16741,0.46
16752,0.46
16758,0.46
16765,0.46
16771,0.46
16785,0.46
16793,0.46
16800,0.46
16805,0.46
16809,0.46
16820,0.46
16827,0.46
16830,0.46
16843,0.46
16847,0.46
16855,0.46
16860,0.46
16862,0.46
16863,0.46
16872,0.46
16874,0.46
16876,0.46
16893,0.46
16895,0.46
16914,0.46
16917,0.46
16926,0.46
16930,0.46
16931,0.46
16932,0.46
16934,0.46
16937,0.46
16941,0.46
16942,0.46
16957,0.46
16962,0.46
16967,0.46
16968,0.46
16972,0.46
16974,0.46
16984,0.46
16987,0.46
16994,0.46
16995,0.46
16999,0.46
17034,0.46
17038,0.46
17040,0.46
17050,0.46
17068,0.46
17077,0.46
17079,0.46
17082,0.46
17085,0.46
17087,0.46
17099,0.46
17105,0.46
17108,0.46
17110,0.46
17111,0.46
17123,0.46
17124,0.46
17130,0.46
17138,0.46
17143,0.46
17157,0.46
17160,0.46
17166,0.46
17167,0.46
17179,0.46
17180,0.46
17189,0.46
17197,0.46
17219,0.46
17223,0.46
17225,0.46
17229,0.46
17234,0.46
17235,0.46
17239,0.46
17242,0.46
17243,0.46
17246,0.46
17247,0.46
17255,0.46
17258,0.46
17260,0.46
17264,0.46
17270,0.46
17271,0.46
17272,0.46
17285,0.46
17294,0.46
17297,0.46
17298,0.46
17299,0.46
17306,0.46
17324,0.46
17326,0.46
17330,0.46
17345,0.46
17351,0.46
17352,0.46
17372,0.46
17381,0.46
17385,0.46
17388,0.46
17390,0.46
17392,0.46
17399,0.46
17404,0.46
17407,0.46
17408,0.46
17416,0.46
17418,0.46
17434,0.46
17438,0.46
17443,0.46
17444,0.46
17453,0.46
17460,0.46
17467,0.46
17480,0.46
17488,0.46
17490,0.46
17493,0.46
17498,0.46
17503,0.46
17513,0.46
17520,0.46
17525,0.46
17534,0.46
17545,0.46
17553,0.46
17554,0.46
17557,0.46
17563,0.46
17576,0.46
17577,0.46
17580,0.46
17582,0.46
17596,0.46
17597,0.46
17602,0.46
17614,0.46
17623,0.46
17624,0.46
17627,0.46
17628,0.46
17630,0.46
17634,0.46
17640,0.46
17652,0.46
17657,0.46
17661,0.46
17662,0.46
17666,0.46
17682,0.46
17688,0.46
17693,0.46
17705,0.46
17711,0.46
17715,0.46
17717,0.46
17721,0.46
17728,0.46
17737,0.46
17745,0.46
17755,0.46
17764,0.46
17774,0.46
17785,0.46
17786,0.46
17789,0.46
17802,0.46
17810,0.46
17819,0.46
17825,0.46
17828,0.46
17833,0.46
17841,0.46
17842,0.46
17844,0.46
17849,0.46
17855,0.46
17857,0.46
17861,0.46
17863,0.46
17868,0.46
17876,0.46
17882,0.46
17885,0.46
17893,0.46
17894,0.46
17902,0.46
17906,0.46
17911,0.46
17917,0.46
17921,0.46
17941,0.46
17945,0.46
17949,0.46
17954,0.46
17957,0.46
17958,0.46
17960,0.46
17985,0.46
18000,0.46
18002,0.46
18008,0.46
18014,0.46
18015,0.46
18019,0.46
18021,0.46
18026,0.46
18029,0.46
18034,0.46
18035,0.46
18036,0.46
18039,0.46
18066,0.46
18076,0.46
18089,0.46
18104,0.46
18110,0.46
18129,0.46
18131,0.46
18133,0.46
18136,0.46
18148,0.46
18152,0.46
18167,0.46
18177,0.46
18178,0.46
18183,0.46
18194,0.46
18197,0.46
18213,0.46
18214,0.46
18221,0.46
18227,0.46
18239,0.46
18245,0.46
18266,0.46
18267,0.46
18274,0.46
18283,0.46
18297,0.46
18302,0.46
18303,0.46
18315,0.46
18324,0.46
18326,0.46
18334,0.46
18336,0.46
18344,0.46
18346,0.46
18347,0.46
18350,0.46
18352,0.46
18364,0.46
18366,0.46
18373,0.46
18391,0.46
18393,0.46
18395,0.46
18400,0.46
18408,0.46
18421,0.46
18425,0.46
18443,0.46
18451,0.46
18456,0.46
18458,0.46
18460,0.46
18467,0.46
18468,0.46
18475,0.46
18485,0.46
18494,0.46
18495,0.46
18508,0.46
18530,0.46
18533,0.46
18547,0.46
18548,0.46
18553,0.46
18561,0.46
18565,0.46
18572,0.46
18593,0.46
18600,0.46
18621,0.46
18629,0.46
18637,0.46
18649,0.46
18653,0.46
18660,0.46
18671,0.46
18672,0.46
18677,0.46
18681,0.46
18684,0.46
18686,0.46
18689,0.46
18690,0.46
18709,0.46
18716,0.46
18723,0.46
18773,0.46
18782,0.46
18797,0.46
18810,0.46
18817,0.46
18820,0.46
18825,0.46
18837,0.46
18850,0.46
18857,0.46
18861,0.46
18867,0.46
18870,0.46
18877,0.46
18887,0.46
18898,0.46
18900,0.46
18914,0.46
18921,0.46
18922,0.46
18945,0.46
18947,0.46
18953,0.46
18954,0.46
18957,0.46
18960,0.46
18973,0.46
18983,0.46
18990,0.46
18991,0.46
18993,0.46
18995,0.46
18996,0.46
19003,0.46
19014,0.46
19015,0.46
19019,0.46
19028,0.46
19038,0.46
19040,0.46
19046,0.46
19051,0.46
19054,0.46
19056,0.46
19074,0.46
19085,0.46
19099,0.46
19124,0.46
19134,0.46
19141,0.46
19146,0.46
19150,0.46
19170,0.46
19176,0.46
19187,0.46
19189,0.46
19202,0.46
19208,0.46
19209,0.46
19210,0.46
19216,0.46
19217,0.46
19218,0.46
19223,0.46
19240,0.46
19246,0.46
19269,0.46
19275,0.46
19287,0.46
19298,0.46
19303,0.46
19313,0.46
19325,0.46
19326,0.46
19328,0.46
19330,0.46
19340,0.46
19342,0.46
19343,0.46
19344,0.46
19363,0.46
19364,0.46
19371,0.46
19376,0.46
19377,0.46
19381,0.46
19384,0.46
19390,0.46
19402,0.46
19405,0.46
19409,0.46
19418,0.46
19429,0.46
19446,0.46
19458,0.46
19460,0.46
19462,0.46
19465,0.46
19472,0.46
19480,0.46
19503,0.46
19507,0.46
19517,0.46
19533,0.46
19537,0.46
19541,0.46
19563,0.46
19566,0.46
19568,0.46
19576,0.46
19591,0.46
19597,0.46
19619,0.46
19622,0.46
19623,0.46
19624,0.46
19627,0.46
19629,0.46
19633,0.46
19639,0.46
19641,0.46
19643,0.46
19649,0.46
19652,0.46
19657,0.46
19660,0.46
19668,0.46
19678,0.46
19686,0.46
19690,0.46
19694,0.46
19695,0.46
19702,0.46
19712,0.46
19720,0.46
19735,0.46
19739,0.46
19740,0.46
19743,0.46
19750,0.46
19752,0.46
19754,0.46
19762,0.46
19770,0.46
19775,0.46
19777,0.46
19782,0.46
19783,0.46
19786,0.46
19805,0.46
19808,0.46
19819,0.46
19821,0.46
19827,0.46
19830,0.46
19832,0.46
19833,0.46
19834,0.46
19843,0.46
19844,0.46
19846,0.46
19847,0.46
19850,0.46
19851,0.46
19861,0.46
19873,0.46
19878,0.46
19886,0.46
19892,0.46
19901,0.46
19902,0.46
19920,0.46
19921,0.46
19922,0.46
19929,0.46
19932,0.46
19935,0.46
19936,0.46
19946,0.46
19950,0.46
19952,0.46
19955,0.46
19976,0.46
19983,0.46
19987,0.46
19991,0.46
19996,0.46
20007,0.46
20015,0.46
20019,0.46
20023,0.46
20034,0.46
20036,0.46
20038,0.46
20039,0.46
20040,0.46
20045,0.46
20046,0.46
20048,0.46
20060,0.46
20068,0.46
20074,0.46
20111,0.46
20117,0.46
20125,0.46
20129,0.46
20134,0.46
20135,0.46
20139,0.46
20142,0.46
20147,0.46
20154,0.46
20157,0.46
20169,0.46
20179,0.46
20202,0.46
20207,0.46
20215,0.46
20216,0.46
20217,0.46
20218,0.46
20219,0.46
20226,0.46
20236,0.46
20239,0.46
20246,0.46
20247,0.46
20253,0.46
20255,0.46
20268,0.46
20270,0.46
20271,0.46
20279,0.46
20282,0.46
20295,0.46
20302,0.46
20305,0.46
20306,0.46
20308,0.46
20330,0.46
20335,0.46
20344,0.46
20349,0.46
20360,0.46
20362,0.46
20378,0.46
20394,0.46
20397,0.46
20403,0.46
20405,0.46
20415,0.46
20417,0.46
20420,0.46
20425,0.46
20430,0.46
20435,0.46
20443,0.46
20446,0.46
20458,0.46
20459,0.46
20467,0.46
20470,0.46
20482,0.46
20489,0.46
20495,0.46
20496,0.46
20497,0.46
20505,0.46
20509,0.46
20535,0.46
20539,0.46
20544,0.46
20547,0.46
20556,0.46
20557,0.46
20575,0.46
20577,0.46
20596,0.46
20597,0.46
20602,0.46
20603,0.46
20609,0.46
20618,0.46
20621,0.46
20628,0.46
20634,0.46
20637,0.46
20641,0.46
20642,0.46
20647,0.46
20655,0.46
20656,0.46
20661,0.46
20664,0.46
20674,0.46
20679,0.46
20680,0.46
20683,0.46
20687,0.46
20688,0.46
20695,0.46
20696,0.46
20699,0.46
20701,0.46
20702,0.46
20704,0.46
20721,0.46
20725,0.46
20731,0.46
20741,0.46
20742,0.46
20753,0.46
20756,0.46
20769,0.46
20771,0.46
20774,0.46
20777,0.46
20781,0.46
20797,0.46
20808,0.46
20810,0.46
20820,0.46
20823,0.46
20829,0.46
20832,0.46
20833,0.46
20837,0.46
20838,0.46
20839,0.46
20847,0.46
20861,0.46
20869,0.46
20875,0.46
20877,0.46
20889,0.46
20894,0.46
20901,0.46
20919,0.46
20923,0.46
20935,0.46
20937,0.46
20939,0.46
20940,0.46
20943,0.46
20946,0.46
20950,0.46
20961,0.46
20965,0.46
20967,0.46
20969,0.46
20970,0.46
20975,0.46
20987,0.46
20995,0.46
20998,0.46
21002,0.46
21012,0.46
21013,0.46
21015,0.46
21017,0.46
21020,0.46
21028,0.46
21031,0.46
21036,0.46
21040,0.46
21048,0.46
21049,0.46
21051,0.46
21070,0.46
21072,0.46
21079,0.46
21090,0.46
21093,0.46
21104,0.46
21114,0.46
21117,0.46
21120,0.46
21121,0.46
21132,0.46
21136,0.46
21139,0.46
21140,0.46
21146,0.46
21150,0.46
21178,0.46
21180,0.46
21198,0.46
21203,0.46
21210,0.46
21218,0.46
21220,0.46
21222,0.46
21228,0.46
21236,0.46
21239,0.46
21260,0.46
21267,0.46
21271,0.46
21279,0.46
21286,0.46
21288,0.46
21294,0.46
21298,0.46
21299,0.46
21300,0.46
21304,0.46
21307,0.46
21309,0.46
21311,0.46
21331,0.46
21332,0.46
21342,0.46
21345,0.46
21348,0.46
21353,0.46
21357,0.46
21369,0.46
21370,0.46
21371,0.46
21373,0.46
21385,0.46
21392,0.46
21401,0.46
21403,0.46
21406,0.46
21413,0.46
21414,0.46
21416,0.46
21423,0.46
21442,0.46
21443,0.46
21448,0.46
21459,0.46
21467,0.46
21474,0.46
21484,0.46
21488,0.46
21495,0.46
21498,0.46
21502,0.46
21503,0.46
21510,0.46
21516,0.46
21533,0.46
21535,0.46
21539,0.46
21541,0.46
21544,0.46
21554,0.46
21569,0.46
21572,0.46
21578,0.46
21580,0.46
21584,0.46
21589,0.46
21595,0.46
21598,0.46
21599,0.46
21606,0.46
21623,0.46
21639,0.46
21641,0.46
21645,0.46
21647,0.46
21648,0.46
21657,0.46
21671,0.46
21673,0.46
21678,0.46
21696,0.46
21699,0.46
21700,0.46
21703,0.46
21710,0.46
21721,0.46
21727,0.46
21728,0.46
21731,0.46
21741,0.46
21744,0.46
21748,0.46
21753,0.46
21756,0.46
21763,0.46
21767,0.46
21772,0.46
21774,0.46
21775,0.46
21780,0.46
21787,0.46
21805,0.46
21828,0.46
21831,0.46
21837,0.46
21842,0.46
21849,0.46
21856,0.46
21858,0.46
21862,0.46
21864,0.46
21867,0.46
21879,0.46
21881,0.46
21883,0.46
21891,0.46
21892,0.46
21902,0.46
21909,0.46
21914,0.46
21918,0.46
21919,0.46
21926,0.46
21930,0.46
21934,0.46
21940,0.46
21945,0.46
21948,0.46
21953,0.46
21954,0.46
21956,0.46
21963,0.46
21970,0.46
21984,0.46
21997,0.46
21999,0.46
22001,0.46
22002,0.46
22010,0.46
22013,0.46
22022,0.46
22024,0.46
22028,0.46
22029,0.46
22045,0.46
22049,0.46
22064,0.46
22069,0.46
22074,0.46
22082,0.46
22084,0.46
22090,0.46
22096,0.46
22100,0.46
22105,0.46
22119,0.46
22130,0.46
22152,0.46
22155,0.46
22164,0.46
22173,0.46
22194,0.46
22209,0.46
22217,0.46
22220,0.46
22222,0.46
22244,0.46
22245,0.46
22250,0.46
22256,0.46
22261,0.46
22264,0.46
22270,0.46
22279,0.46
22280,0.46
22284,0.46
22288,0.46
22293,0.46
22297,0.46
22307,0.46
22310,0.46
22319,0.46
22324,0.46
22326,0.46
22327,0.46
22329,0.46
22331,0.46
22340,0.46
22342,0.46
22347,0.46
22351,0.46
22357,0.46
22361,0.46
22371,0.46
22373,0.46
22391,0.46
22404,0.46
22409,0.46
22411,0.46
22428,0.46
22436,0.46
22444,0.46
22445,0.46
22451,0.46
22463,0.46
22464,0.46
22467,0.46
22472,0.46
22485,0.46
22497,0.46
22504,0.46
22508,0.46
22516,0.46
22522,0.46
22527,0.46
22543,0.46
22549,0.46
22551,0.46
22557,0.46
22562,0.46
22567,0.46
22572,0.46
22575,0.46
22578,0.46
22579,0.46
22580,0.46
22581,0.46
22591,0.46
22593,0.46
22597,0.46
22600,0.46
22602,0.46
22603,0.46
22616,0.46
22617,0.46
22622,0.46
22623,0.46
22624,0.46
22628,0.46
22640,0.46
22641,0.46
22653,0.46
22660,0.46
22672,0.46
22674,0.46
22689,0.46
22698,0.46
22705,0.46
22709,0.46
22711,0.46
22714,0.46
22715,0.46
22729,0.46
22730,0.46
22733,0.46
22750,0.46
22754,0.46
22756,0.46
22758,0.46
22767,0.46
22768,0.46
22769,0.46
22776,0.46
22778,0.46
22780,0.46
22789,0.46
22797,0.46
22799,0.46
22814,0.46
22818,0.46
22821,0.46
22823,0.46
22841,0.46
22847,0.46
22848,0.46
22862,0.46
22875,0.46
22877,0.46
22887,0.46
22892,0.46
22899,0.46
22901,0.46
22907,0.44
22909,0.44
22926,0.44
22927,0.44
22930,0.44
22934,0.44
22937,0.44
22939,0.44
22949,0.44
22951,0.44
22955,0.44
22965,0.44
22966,0.44
22968,0.44
22972,0.44
22975,0.44
22981,0.44
22988,0.44
22994,0.44
22996,0.44
23011,0.44
23028,0.44
23031,0.44
23035,0.44
23038,0.44
23042,0.44
23049,0.44
23051,0.44
23053,0.44
23057,0.44
23058,0.44
23063,0.44
23064,0.44
23067,0.44
23071,0.44
23075,0.44
23077,0.44
23090,0.44
23094,0.44
23097,0.44
23103,0.44
23107,0.44
23117,0.44
23122,0.44
23124,0.44
23126,0.44
23129,0.44
23136,0.44
23141,0.44
23142,0.44
23147,0.44
23154,0.44
23159,0.44
23165,0.44
23171,0.44
23173,0.44
23175,0.44
23179,0.44
23182,0.44
23185,0.44
23188,0.44
23189,0.44
23209,0.44
23214,0.44
23215,0.44
23233,0.44
23241,0.44
23252,0.44
23255,0.44
23263,0.44
23281,0.44
23282,0.44
23289,0.44
23292,0.44
23296,0.44
23297,0.44
23301,0.44
23302,0.44
23304,0.44
23309,0.44
23312,0.44
23316,0.44
23321,0.44
23342,0.44
23344,0.44
23350,0.44
23367,0.44
23368,0.44
23374,0.44
23387,0.44
23389,0.44
23399,0.44
23403,0.44
23406,0.44
23414,0.44
23415,0.44
23419,0.44
23436,0.44
23439,0.44
23444,0.44
23445,0.44
23455,0.44
23469,0.44
23472,0.44
23477,0.44
23478,0.44
23479,0.44
23487,0.44
23490,0.44
23491,0.44
23492,0.44
23494,0.44
23496,0.44
23497,0.44
23506,0.44
23515,0.44
23528,0.44
23532,0.44
23549,0.44
23551,0.44
23552,0.44
23555,0.44
23556,0.44
23564,0.44
23583,0.44
23592,0.44
23597,0.44
23601,0.44
23605,0.44
23615,0.44
23619,0.44
23621,0.44
23626,0.44
23635,0.44
23637,0.44
23640,0.44
23646,0.44
23655,0.44
23672,0.44
23673,0.44
23682,0.44
23683,0.44
23699,0.44
23704,0.44
23707,0.44
23713,0.44
23714,0.44
23716,0.44
23718,0.44
23721,0.44
23735,0.44
23737,0.44
23744,0.44
23749,0.44
23755,0.44
23769,0.44
23772,0.44
23773,0.44
23774,0.44
23779,0.44
23782,0.44
23793,0.44
23803,0.44
23828,0.44
23833,0.44
23834,0.44
23844,0.44
23845,0.44
23852,0.44
23855,0.44
23867,0.44
23872,0.44
23874,0.44
23880,0.44
23886,0.44
23898,0.44
23900,0.44
23903,0.44
23907,0.44
23908,0.44
23912,0.44
23916,0.44
23917,0.44
23918,0.44
23922,0.44
23928,0.44
23940,0.44
23944,0.44
23945,0.44
23951,0.44
23966,0.44
23970,0.44
23971,0.44
23976,0.44
23980,0.44
23987,0.44
23988,0.44
23993,0.44
23997,0.44
23998,0.44
23999,0.44
24010,0.44
24015,0.44
24023,0.44
24033,0.44
24046,0.44
24060,0.44
24062,0.44
24065,0.44
24070,0.44
24071,0.44
24073,0.44
24079,0.44
24082,0.44
24084,0.44
24089,0.44
24094,0.44
24100,0.44
24105,0.44
24106,0.44
24108,0.44
24111,0.44
24120,0.44
24125,0.44
24134,0.44
24140,0.44
24151,0.44
24153,0.44
24154,0.44
24161,0.44
24166,0.44
24170,0.44
24176,0.44
24182,0.44
24188,0.44
24190,0.44
24201,0.44
24211,0.44
24215,0.44
24216,0.44
24219,0.44
24222,0.44
24240,0.44
24243,0.44
24245,0.44
24251,0.44
24256,0.44
24258,0.44
24261,0.44
24263,0.44
24264,0.44
24266,0.44
24273,0.44
24278,0.44
24289,0.44
24292,0.44
24293,0.44
24298,0.44
24299,0.44
24303,0.44
24304,0.44
24305,0.44
24329,0.44
24341,0.44
24345,0.44
24353,0.44
24358,0.44
24364,0.44
24367,0.44
24370,0.44
24377,0.44
24380,0.44
24381,0.44
24387,0.44
24391,0.44
24409,0.44
24413,0.44
24416,0.44
24427,0.44
24439,0.44
24443,0.44
24448,0.44
24454,0.44
24455,0.44
24461,0.44
24464,0.44
24468,0.44
24469,0.44
24501,0.44
24508,0.44
24519,0.44
24520,0.44
24538,0.44
24540,0.44
24550,0.44
24552,0.44
24561,0.44
24577,0.44
24579,0.44
24580,0.44
24582,0.44
24591,0.44
24592,0.44
24599,0.44
24602,0.44
24606,0.44
24617,0.44
24619,0.44
24630,0.44
24633,0.44
24634,0.44
24638,0.44
24641,0.44
24644,0.44
24645,0.44
24656,0.44
24661,0.44
24663,0.44
24667,0.44
24669,0.44
24682,0.44
24698,0.44
24699,0.44
24702,0.44
24703,0.44
24717,0.44
24724,0.44
24731,0.44
24737,0.44
24740,0.44
24743,0.44
24744,0.44
24755,0.44
24757,0.44
24765,0.44
24766,0.44
24776,0.44
24787,0.44
24789,0.44
24791,0.44
24792,0.44
24804,0.44
24812,0.44
24816,0.44
24817,0.44
24820,0.44
24828,0.44
24832,0.44
24836,0.44
24842,0.44
24846,0.44
24847,0.44
24848,0.44
24851,0.44
24855,0.44
24856,0.44
24871,0.44
24874,0.44
24877,0.44
24889,0.44
24897,0.44
24899,0.44
24908,0.44
24913,0.44
24923,0.44
24933,0.44
24971,0.44
24973,0.44
24993,0.44
24998,0.44
25000,0.44
25001,0.44
25002,0.44
25003,0.44
25009,0.44
25024,0.44
25026,0.44
25027,0.44
25034,0.44
25050,0.44
25057,0.44
25067,0.44
25075,0.44
25081,0.44
25085,0.44
25093,0.44
25097,0.44
25103,0.44
25104,0.44
25109,0.44
25112,0.44
25113,0.44
25114,0.44
25119,0.44
25121,0.44
25122,0.44
25124,0.44
25131,0.44
25134,0.44
25144,0.44
25147,0.44
25148,0.44
25149,0.44
25155,0.44
25169,0.44
25177,0.44
25178,0.44
25179,0.44
25180,0.44
25191,0.44
25199,0.44
25232,0.44
25241,0.44
25242,0.44
25243,0.44
25246,0.44
25259,0.44
25265,0.44
25278,0.44
25280,0.44
25284,0.44
25286,0.44
25288,0.44
25318,0.44
25330,0.44
25333,0.44
25339,0.44
25340,0.44
25346,0.44
25349,0.44
25351,0.44
25361,0.44
25366,0.44
25368,0.44
25369,0.44
25370,0.44
25375,0.44
25376,0.44
25377,0.44
25379,0.44
25382,0.44
25386,0.44
25389,0.44
25399,0.44
25400,0.44
25401,0.44
25407,0.44
25409,0.44
25412,0.44
25416,0.44
25418,0.44
25423,0.44
25436,0.44
25439,0.44
25442,0.44
25445,0.44
25446,0.44
25453,0.44
25456,0.44
25458,0.44
25460,0.44
25461,0.44
25468,0.44
25470,0.44
25471,0.44
25482,0.44
25501,0.44
25504,0.44
25515,0.44
25518,0.44
25528,0.44
25533,0.44
25543,0.44
25548,0.44
25564,0.44
25572,0.44
25576,0.44
25577,0.44
25587,0.44
25591,0.44
25596,0.44
25598,0.44
25617,0.44
25618,0.44
25620,0.44
25623,0.44
25626,0.44
25628,0.44
25633,0.44
25637,0.44
25644,0.44
25662,0.44
25663,0.44
25673,0.44
25678,0.44
25685,0.44
25691,0.44
25706,0.44
25707,0.44
25723,0.44
25725,0.44
25735,0.44
25740,0.44
25759,0.44
25761,0.44
25769,0.44
25774,0.44
25779,0.44
25781,0.44
25784,0.44
25790,0.44
25796,0.44
25816,0.44
25847,0.44
25850,0.44
25852,0.44
25856,0.44
25866,0.44
25867,0.44
25868,0.44
25869,0.44
25877,0.44
25878,0.44
25890,0.44
25898,0.44
25899,0.44
25906,0.44
25907,0.44
25915,0.44
25932,0.44
25939,0.44
25946,0.44
25951,0.44
25959,0.44
25961,0.44
25964,0.44
25969,0.44
25980,0.44
25986,0.44
25992,0.44
25998,0.44
26000,0.44
26006,0.44
26009,0.44
26016,0.44
26023,0.44
26038,0.44
26041,0.44
26050,0.44
26051,0.44
26057,0.44
26060,0.44
26062,0.44
26067,0.44
26068,0.44
26072,0.44
26074,0.44
26075,0.44
26081,0.44
26108,0.44
26112,0.44
26113,0.44
26115,0.44
26122,0.44
26139,0.44
26162,0.44
26165,0.44
26173,0.44
26177,0.44
26179,0.44
26184,0.44
26190,0.44
26204,0.42
26205,0.42
26212,0.42
26215,0.42
26227,0.42
26232,0.42
26237,0.42
26246,0.42
26248,0.42
26249,0.42
26260,0.42
26263,0.42
26267,0.42
26269,0.42
26271,0.42
26273,0.42
26286,0.42
26297,0.42
26309,0.42
26313,0.42
26319,0.42
26329,0.42
26330,0.42
26333,0.42
26361,0.42
26366,0.42
26376,0.42
26378,0.42
26382,0.42
26389,0.42
26391,0.42
26401,0.42
26415,0.42
26419,0.42
26421,0.42
26422,0.42
26423,0.42
26424,0.42
26441,0.42
26442,0.42
26446,0.42
26447,0.42
26448,0.42
26451,0.42
26459,0.42
26465,0.42
26476,0.42
26481,0.42
26487,0.42
26501,0.42
26513,0.42
26517,0.42
26527,0.42
26534,0.42
26535,0.42
26545,0.42
26550,0.42
26558,0.42
26571,0.42
26573,0.42
26575,0.42
26578,0.42
26583,0.42
26590,0.42
26593,0.42
26602,0.42
26606,0.42
26613,0.42
26615,0.42
26618,0.42
26628,0.42
26630,0.42
26635,0.42
26645,0.42
26648,0.42
26651,0.42
26660,0.42
26663,0.42
26664,0.42
26665,0.42
26673,0.42
26675,0.42
26676,0.42
26677,0.42
26679,0.42
26687,0.42
26689,0.42
26697,0.42
26737,0.42
26747,0.42
26748,0.42
26749,0.42
26754,0.42
26759,0.42
26760,0.42
26765,0.42
26769,0.42
26771,0.42
26776,0.42
26778,0.42
26780,0.42
26783,0.42
26785,0.42
26800,0.42
26804,0.42
26812,0.42
26816,0.42
26823,0.42
26834,0.42
26836,0.42
26841,0.42
26845,0.42
26849,0.42
26854,0.42
26858,0.42
26860,0.42
26866,0.42
26871,0.42
26873,0.42
26905,0.42
26907,0.42
26920,0.42
26924,0.42
26930,0.42
26942,0.42
26944,0.42
26949,0.42
26952,0.42
26956,0.42
26973,0.42
26977,0.42
26993,0.42
26997,0.42
26999,0.42
27021,0.42
27023,0.42
27025,0.42
27027,0.42
27032,0.42
27034,0.42
27036,0.42
27045,0.42
27050,0.42
27051,0.42
27055,0.42
27056,0.42
27060,0.42
27061,0.42
27066,0.42
27070,0.42
27073,0.42
27077,0.42
27085,0.42
27086,0.42
27099,0.42
27105,0.42
27109,0.42
27125,0.42
27135,0.42
27139,0.42
27140,0.42
27141,0.42
27142,0.42
27144,0.42
27148,0.42
27154,0.42
27162,0.42
27175,0.42
27176,0.42
27178,0.42
27197,0.42
27204,0.42
27205,0.42
27206,0.42
27207,0.42
27216,0.42
27230,0.42
27234,0.42
27241,0.42
27249,0.42
27251,0.42
27252,0.42
27256,0.42
27257,0.42
27263,0.42
27268,0.42
27269,0.42
27276,0.42
27279,0.42
27288,0.42
27295,0.42
27299,0.42
27302,0.42
27304,0.42
27316,0.42
27318,0.42
27330,0.42
27333,0.42
27335,0.42
27339,0.42
27341,0.42
27342,0.42
27345,0.42
27347,0.42
27354,0.42
27361,0.42
27375,0.42
27387,0.42
27390,0.42
27392,0.42
27399,0.42
27403,0.42
27410,0.42
27423,0.42
27429,0.42
27432,0.42
27436,0.42
27437,0.42
27441,0.42
27444,0.42
27445,0.42
27448,0.42
27454,0.42
27459,0.42
27465,0.42
27478,0.42
27479,0.42
27481,0.42
27483,0.42
27486,0.42
27498,0.42
27505,0.42
27507,0.42
27509,0.42
27514,0.42
27527,0.42
27535,0.42
27544,0.42
27545,0.42
27556,0.42
27563,0.42
27569,0.42
27585,0.42
27589,0.42
27605,0.42
27608,0.42
27609,0.42
27611,0.42
27621,0.42
27626,0.42
27629,0.42
27645,0.42
27651,0.42
27654,0.42
27656,0.42
27663,0.42
27673,0.42
27677,0.42
27678,0.42
27680,0.42
27681,0.42
27684,0.42
27688,0.42
27706,0.42
27709,0.42
27720,0.42
27722,0.42
27733,0.42
27734,0.42
27739,0.42
27746,0.42
27751,0.42
27755,0.42
27777,0.42
27783,0.42
27795,0.42
27805,0.42
27811,0.42
27815,0.42
27823,0.42
27856,0.42
27873,0.42
27883,0.42
27885,0.42
27887,0.42
27899,0.42
27921,0.42
27924,0.42
27927,0.42
27929,0.42
27932,0.42
27943,0.42
27945,0.42
27952,0.42
27957,0.42
27960,0.42
27966,0.42
27968,0.42
27980,0.42
27984,0.42
27994,0.42
27995,0.42
28002,0.42
28004,0.42
28006,0.42
28028,0.42
28042,0.42
28043,0.42
28055,0.42
28061,0.42
28063,0.42
28077,0.42
28090,0.42
28093,0.42
28095,0.42
28096,0.42
28098,0.42
28099,0.42
28111,0.42
28115,0.42
28123,0.42
28125,0.42
28126,0.42
28129,0.42
28131,0.42
28139,0.42
28146,0.42
28153,0.42
28155,0.42
28160,0.42
28166,0.42
28167,0.42
28176,0.42
28185,0.42
28187,0.42
28195,0.42
28203,0.42
28206,0.42
28209,0.42
28210,0.42
28211,0.42
28216,0.42
28234,0.42
28235,0.42
28248,0.42
28255,0.42
28266,0.42
28277,0.42
28286,0.42
28288,0.42
28289,0.42
28290,0.42
28296,0.42
28300,0.42
28306,0.42
28307,0.42
28309,0.42
28327,0.42
28336,0.42
28345,0.42
28355,0.42
28361,0.42
28362,0.42
28374,0.42
28380,0.42
28381,0.42
28393,0.42
28394,0.42
28405,0.42
28413,0.42
28426,0.42
28428,0.42
28429,0.42
28442,0.42
28445,0.42
28457,0.42
28459,0.42
28462,0.42
28478,0.42
28490,0.42
28492,0.42
28499,0.42
28500,0.42
28506,0.42
28509,0.42
28513,0.42
28516,0.42
28519,0.42
28526,0.42
28527,0.42
28528,0.42
28533,0.42
28547,0.42
28551,0.42
28563,0.42
28566,0.42
28568,0.42
28580,0.42
28589,0.42
28590,0.42
28606,0.42
28613,0.42
28615,0.42
28619,0.42
28629,0.42
28633,0.42
28635,0.42
28646,0.42
28648,0.42
28651,0.42
28660,0.42
28681,0.42
28693,0.42
28696,0.42
28703,0.42
28709,0.42
28712,0.42
28718,0.42
28719,0.42
28727,0.42
28730,0.42
28732,0.42
28740,0.42
28747,0.42
28752,0.42
28757,0.42
28764,0.42
28765,0.42
28770,0.42
28772,0.42
28783,0.42
28786,0.42
28796,0.42
28799,0.42
28806,0.42
28807,0.42
28815,0.42
28818,0.42
28823,0.42
28824,0.42
28831,0.42
28834,0.42
28841,0.42
28848,0.42
28882,0.42
28884,0.42
28904,0.42
28907,0.42
28919,0.42
28920,0.42
28928,0.42
28935,0.42
28936,0.42
28945,0.42
28950,0.42
28957,0.42
28963,0.42
28974,0.42
28980,0.42
28988,0.42
28999,0.42
29001,0.42
29004,0.42
29006,0.42
29012,0.42
29018,0.42
29027,0.42
29030,0.42
29032,0.42
29039,0.42
29043,0.42
29056,0.42
29064,0.42
29068,0.42
29069,0.42
29074,0.42
29076,0.42
29085,0.42
29088,0.42
29091,0.42
29092,0.42
29093,0.42
29094,0.42
29108,0.42
29114,0.42
29115,0.42
29118,0.42
29125,0.42
29127,0.42
29150,0.42
29152,0.42
29155,0.42
29165,0.42
29167,0.42
29174,0.42
29180,0.42
29185,0.42
29190,0.42
29192,0.42
29194,0.42
29220,0.42
29231,0.42
29237,0.42
29240,0.42
29247,0.42
29256,0.42
29275,0.42
29278,0.42
29280,0.42
29286,0.42
29288,0.42
29305,0.42
29327,0.42
29329,0.42
29333,0.42
29335,0.42
29342,0.42
29344,0.42
29353,0.42
29358,0.42
29373,0.42
29392,0.42
29393,0.42
29395,0.42
29403,0.42
29405,0.42
29410,0.42
29423,0.42
29427,0.42
29429,0.42
29432,0.42
29440,0.42
29447,0.42
29448,0.42
29452,0.42
29455,0.42
29461,0.42
29466,0.42
29474,0.42
29476,0.42
29486,0.42
29494,0.42
29497,0.42
29505,0.42
29511,0.42
29516,0.42
29522,0.42
29523,0.42
29524,0.42
29529,0.42
29533,0.42
29535,0.42
29548,0.42
29551,0.42
29563,0.42
29574,0.42
29575,0.42
29592,0.42
29599,0.42
29608,0.42
29613,0.42
29620,0.42
29630,0.42
29637,0.42
29638,0.42
29643,0.42
29648,0.42
29657,0.42
29659,0.42
29662,0.42
29665,0.42
29699,0.42
29706,0.42
29715,0.42
29716,0.42
29717,0.42
29721,0.42
29731,0.42
29735,0.42
29739,0.42
29742,0.42
29747,0.42
29749,0.42
29754,0.42
29773,0.42
29777,0.42
29779,0.42
29783,0.42
29786,0.42
29805,0.42
29811,0.42
29812,0.42
29815,0.42
29819,0.42
29833,0.42
29847,0.42
29854,0.42
29856,0.42
29859,0.42
29864,0.42
29865,0.42
29867,0.42
29885,0.42
29894,0.42
29900,0.42
29910,0.42
29928,0.42
29942,0.42
29951,0.42
29953,0.42
29962,0.42
29968,0.42
29974,0.42
29980,0.42
29987,0.42
29993,0.42
30001,0.42
30005,0.42
30015,0.42
30034,0.4
30041,0.4
30044,0.4
30058,0.4
30061,0.4
30064,0.4
30065,0.4
30069,0.4
30074,0.4
30076,0.4
30080,0.4
30086,0.4
30087,0.4
30092,0.4
30093,0.4
30096,0.4
30097,0.4
30098,0.4
30102,0.4
30106,0.4
30110,0.4
30111,0.4
30122,0.4
30128,0.4
30130,0.4
30131,0.4
30132,0.4
30135,0.4
30137,0.4
30157,0.4
30158,0.4
30162,0.4
30170,0.4
30174,0.4
30195,0.4
30196,0.4
30204,0.4
30207,0.4
30209,0.4
30212,0.4
30221,0.4
30225,0.4
30229,0.4
30231,0.4
30233,0.4
30237,0.4
30239,0.4
30242,0.4
30244,0.4
30249,0.4
30262,0.4
30286,0.4
30292,0.4
30303,0.4
30320,0.4
30322,0.4
30355,0.4
30356,0.4
30372,0.4
30375,0.4
30379,0.4
30384,0.4
30386,0.4
30394,0.4
30395,0.4
30396,0.4
30397,0.4
30402,0.4
30413,0.4
30416,0.4
30420,0.4
30422,0.4
30432,0.4
30434,0.4
30438,0.4
30444,0.4
30446,0.4
30455,0.4
30457,0.4
30459,0.4
30463,0.4
30468,0.4
30477,0.4
30478,0.4
30481,0.4
30482,0.4
30487,0.4
30491,0.4
30496,0.4
30501,0.4
30506,0.4
30511,0.4
30513,0.4
30516,0.4
30520,0.4
30531,0.4
30542,0.4
30555,0.4
30557,0.4
30568,0.4
30570,0.4
30584,0.4
30594,0.4
30614,0.4
30617,0.4
30618,0.4
30631,0.4
30632,0.4
30634,0.4
30636,0.4
30637,0.4
30639,0.4
30647,0.4
30649,0.4
30656,0.4
30660,0.4
30665,0.4
30669,0.4
30681,0.4
30683,0.4
30687,0.4
30694,0.4
